{
  "h1_probe_hidden": {
    "auroc": 0.8704222222222222,
    "acc": 0.7966666666666666,
    "fpr@95tpr": 0.47333333333333333
  },
  "layer_sweep": {
    "auroc_per_layer": [
      0.5,
      0.8331,
      0.8531,
      0.8488,
      0.8307,
      0.8408,
      0.8813,
      0.8665,
      0.8556,
      0.8675,
      0.8702,
      0.8899,
      0.878,
      0.8836,
      0.8704,
      0.8632,
      0.8327,
      0.8506,
      0.8333,
      0.8421,
      0.8417,
      0.8585,
      0.8852,
      0.878,
      0.8665
    ],
    "best_layer": 11,
    "best_auroc": 0.8899
  },
  "length_baseline": {
    "auroc": 0.6807333333333334,
    "acc": 0.63,
    "fpr@95tpr": 0.8
  },
  "self_read": {
    "auroc": 0.9335111111111112,
    "acc": 0.87,
    "fpr@95tpr": 0.2866666666666667
  },
  "ablation_shuffle": {
    "auroc": 0.5279555555555555,
    "acc": 0.52,
    "fpr@95tpr": 0.9133333333333333
  }
}